id_transacao,data_hora,estabelecimento,categoria,valor,cidade,pais,tipo_pagamento,parcelas,titular
TX1099,2026-01-01 16:59:51,DROGARIA SAO PAULO,Farmacia,106.15,Sao Paulo,BR,credito_a_vista,1,JOSUE S SILVA
TX1412,2026-01-01 17:01:19,STARBUCKS BR,Cafeteria,28.89,Sao Paulo,BR,credito_a_vista,1,JOSUE S SILVA
TX1251,2026-01-02 09:55:09,99APP *99APP,Transporte,32.22,Sao Paulo,BR,credito_a_vista,1,JOSUE S SILVA
TX1441,02/01/2026 14:08,CARREFOUR HIPER,Supermercado,350.12,Sao Paulo,BR,credito_a_vista,1,JOSUE S SILVA
TX1383,2026-01-02 21:59:10,IFOOD *RESTAURANTE,Delivery,53.48,Sao Paulo,BR,credito_a_vista,1,JOSUE S SILVA - ADICIONAL
TX1086,03/01/2026 09:04,MAGAZINE LUIZA,E-commerce,646.64,Sao Paulo,BR,credito_a_vista,1,JOSUE S SILVA
TX1388,2026-01-03 12:36:38,SUPERMERCADO PAO DE ACUCAR,Supermercado,R$ 119.70,Sao Paulo,BR,credito_a_vista,1,JOSUE S SILVA - ADICIONAL
TX1442,2026-01-03 13:32:29,IFOOD *RESTAURANTE,Delivery,51.12,Sao Paulo,BR,credito_a_vista,1,JOSUE S SILVA
TX1077,03/01/2026 15:39,MERCADO DIA%,Supermercado,119.63,Sao Paulo,BR,credito_a_vista,1,JOSUE S SILVA
TX1467,2026-01-04 12:26:24,POSTO SHELL,Combustivel,R$ 240.25,Sao Paulo,BR,credito_a_vista,1,JOSUE S SILVA
TX1155,2026-01-04 17:18:30,HORTIFRUTI NATURAL DA TERRA,,68.30,Sao Paulo,BR,credito_a_vista,1,JOSUE S SILVA
TX1001,2026-01-05 00:47:00,SPOTIFY,Streaming,21.90,Sao Paulo,BR,credito_a_vista,1,JOSUE S SILVA
TX1004,2026-01-05 05:06:00,SMARTFIT,Academia,119.90,Sao Paulo,BR,credito_a_vista,1,JOSUE S SILVA
TX1147,05/01/2026 09:18,DROGASIL,Farmacia,69.59,Sao Paulo,BR,credito_a_vista,1,JOSUE S SILVA
TX1435,05/01/2026 19:35,IFOOD *RESTAURANTE,Delivery,65.88,Sao Paulo,BR,credito_a_vista,1,JOSUE S SILVA
TX1445,2026-01-05 22:52:44,UBER *TRIP,Transporte,43.70,Sao Paulo,BR,credito_a_vista,1,JOSUE S SILVA
TX1058,2026-01-06 23:35:14,99APP *99APP,transporte ,33.13,Sao Paulo,BR,credito_a_vista,1,JOSUE S SILVA
TX1367,07/01/2026 17:30,CINEMARK,Lazer,88.02,Sao Paulo,BR,credito_a_vista,1,JOSUE S SILVA
TX1005,2026-01-08 05:47:00,ALURA CURSOS,Educacao,R$ 75.00,Sao Paulo,BR,credito_a_vista,1,JOSUE S SILVA
TX1250,2026-01-08 08:17:44,PADARIA BELLA MASSA,Padaria,R$ 44.31,Sao Paulo,BR,credito_a_vista,1,JOSUE S SILVA - ADICIONAL
TX1324,08/01/2026 12:54,IFOOD *RESTAURANTE,Delivery,"72,47",Sao Paulo,BR,credito_a_vista,1,JOSUE S SILVA
TX1346,2026-01-08 15:56:40,CINEMARK,Lazer,62.73,Sao Paulo,BR,credito_a_vista,1,JOSUE S SILVA
TX1460,08/01/2026 17:50,UBER *TRIP,Transporte,34.53,Sao Paulo,BR,credito_a_vista,1,JOSUE S SILVA
TX1460,2026-01-08 17:50:28,UBER *TRIP,Transporte,34.53,Sao Paulo,BR,credito_a_vista,1,JOSUE S SILVA
TX1326,2026-01-09 17:09:43,renner,Vestuario,190.48,Sao Paulo,BR,credito_a_vista,1,JOSUE S SILVA
TX1000,2026-01-10 05:07:00,NETFLIX.COM,Streaming,44.90,Sao Paulo,BR,credito_a_vista,1,JOSUE S SILVA
TX1314,2026-01-10 12:12:02,DROGASIL,,121.80,Sao Paulo,BR,credito_a_vista,1,JOSUE S SILVA - ADICIONAL
TX1175,2026-01-10 15:05:20,SHOPEE *SHOPEE,E-commerce,61.69,Sao Paulo,BR,credito_a_vista,1,JOSUE S SILVA
TX1195,2026-01-10 17:04:15,SHOPEE *SHOPEE,E-commerce,131.76,Sao Paulo,BR,credito_a_vista,1,JOSUE S SILVA - ADICIONAL
TX1362,2026-01-11 08:02:08,MERCADOLIVRE*MERCADOPAGO,E-commerce,328.28,Sao Paulo,BR,credito_a_vista,1,JOSUE S SILVA
TX1088,2026-01-11 18:13:43,99APP *99APP,Transporte,19.23,Sao Paulo,BR,credito_a_vista,1,JOSUE S SILVA
TX1322,2026-01-11 19:55:58,DROGASIL,Farmacia,62.60,Sao Paulo,BR,credito_a_vista,1,JOSUE S SILVA - ADICIONAL
TX1169,2026-01-11 22:27:47,LEROY MERLIN,Casa e Construcao,191.66,Sao Paulo,BR,credito_a_vista,1,JOSUE S SILVA
TX1312,2026-01-12 19:34:21,IFOOD *RESTAURANTE,Delivery,81.95,Sao Paulo,BR,credito_a_vista,1,JOSUE S SILVA
TX1232,2026-01-14 08:47:26,PADARIA BELLA MASSA,Padaria,33.67,Sao Paulo,BR,credito_a_vista,1,JOSUE S SILVA
TX1475,2026-01-14 15:20:00,MAGAZINE LUIZA 1/6,E-commerce,399.98,Sao Paulo,BR,credito_parcelado,6,JOSUE S SILVA
TX1427,2026-01-14 19:24:43,OUTBACK STEAKHOUSE,Restaurante,240.99,Sao Paulo,BR,credito_a_vista,1,JOSUE S SILVA
TX1002,2026-01-15 02:15:00,AMAZON PRIME,Streaming,19.90,Sao Paulo,BR,credito_a_vista,1,JOSUE S SILVA
TX1041,15/01/2026 12:52,UBER *TRIP,Transporte,50.25,Sao Paulo,BR,credito_a_vista,1,JOSUE S SILVA
TX1059,2026-01-16 11:04:57,CINEMARK,Lazer,31.88,Sao Paulo,BR,credito_a_vista,1,JOSUE S SILVA
TX1225,2026-01-16 18:17:12,99APP *99APP,Transporte,48.70,Sao Paulo,BR,credito_a_vista,1,JOSUE S SILVA - ADICIONAL
TX1071,2026-01-16 19:20:03,SHOPEE *SHOPEE,E-commerce,24.28,Sao Paulo,BR,credito_a_vista,1,JOSUE S SILVA
TX1385,2026-01-16 22:49:05,INGRESSO.COM,Lazer,90.45,Sao Paulo,BR,credito_a_vista,1,JOSUE S SILVA
TX1325,18/01/2026 13:49,IFOOD *RESTAURANTE,Delivery,50.64,Sao Paulo,BR,credito_a_vista,1,JOSUE S SILVA
TX1184,2026-01-18 19:49:50,IFOOD *RESTAURANTE,Delivery,84.81,Sao Paulo,BR,credito_a_vista,1,JOSUE S SILVA
TX1408,18/01/2026 22:30,CARREFOUR HIPER,Supermercado,192.06,Sao Paulo,BR,credito_a_vista,1,JOSUE S SILVA
TX1039,2026-01-19 17:40:10,ingresso.com,Lazer,80.40,Sao Paulo,BR,credito_a_vista,1,JOSUE S SILVA
TX1164,2026-01-19 18:14:59,DROGASIL,Farmacia,50.71,Sao Paulo,BR,credito_a_vista,1,JOSUE S SILVA
TX1003,2026-01-20 01:08:00,GOOGLE *YOUTUBEPREMIUM,Streaming,28.90,Sao Paulo,BR,credito_a_vista,1,JOSUE S SILVA
TX1327,2026-01-20 17:08:33,DROGARIA SAO PAULO,Farmacia,78.71,Sao Paulo,BR,credito_a_vista,1,JOSUE S SILVA
TX1262,2026-01-20 21:20:36,DROGASIL,Farmacia,72.95,Sao Paulo,BR,credito_a_vista,1,JOSUE S SILVA
TX1303,2026-01-21 08:16:13,SUPERMERCADO PAO DE ACUCAR,Supermercado,"388,94",Sao Paulo,BR,credito_a_vista,1,JOSUE S SILVA
TX1037,2026-01-21 12:55:06,UBER *TRIP,Transporte,29.01,Sao Paulo,BR,credito_a_vista,1,JOSUE S SILVA
TX1401,21/01/2026 16:28,CENTAURO,Vestuario,308.17,Sao Paulo,BR,credito_a_vista,1,JOSUE S SILVA
TX1158,2026-01-22 12:07:35,UBER *TRIP,Transporte,48.22,Sao Paulo,BR,credito_a_vista,1,JOSUE S SILVA
TX1485,2026-01-22 18:34:00,CASAS BAHIA 1/10,E-commerce,189.90,Sao Paulo,BR,credito_parcelado,10,JOSUE S SILVA
TX1196,2026-01-24 09:06:48,STARBUCKS BR,Cafeteria,34.01,Sao Paulo,BR,credito_a_vista,1,JOSUE S SILVA - ADICIONAL
TX1173,2026-01-24 15:22:26,AMAZON BR,E-commerce,223.32,Sao Paulo,BR,credito_a_vista,1,JOSUE S SILVA
TX1226,2026-01-24 18:13:41,DROGASIL,Farmacia,101.33,Sao Paulo,BR,credito_a_vista,1,JOSUE S SILVA - ADICIONAL
TX1062,2026-01-25 18:27:22,HORTIFRUTI NATURAL DA TERRA,Supermercado,"63,89",Sao Paulo,BR,credito_a_vista,1,JOSUE S SILVA
TX1209,2026-01-25 22:40:41,PETZ,Pet,47.10,Sao Paulo,BR,credito_a_vista,1,JOSUE S SILVA
TX1066,2026-01-26 08:41:34,SHOPEE *SHOPEE,E-commerce,169.67,Sao Paulo,BR,credito_a_vista,1,JOSUE S SILVA - ADICIONAL
TX1288,2026-01-26 22:49:34,UBER *TRIP,transporte ,51.76,Sao Paulo,BR,credito_a_vista,1,JOSUE S SILVA - ADICIONAL
TX1136,2026-01-27 16:49:19,PADARIA BELLA MASSA,Padaria,48.26,Sao Paulo,BR,credito_a_vista,1,JOSUE S SILVA
TX1081,2026-01-27 22:08:16,UDEMY,Educacao,R$ 35.06,Sao Paulo,BR,credito_a_vista,1,JOSUE S SILVA
TX1247,2026-01-28 08:54:35,STARBUCKS BR,Cafeteria,26.03,Sao Paulo,BR,credito_a_vista,1,JOSUE S SILVA
TX1446,2026-01-28 12:33:09,RAPPI*RAPPI BRASIL,Delivery,34.46,Sao Paulo,BR,credito_a_vista,1,JOSUE S SILVA
TX1357,28/01/2026 14:08,SUPERMERCADO PAO DE ACUCAR,Supermercado,"177,85",Sao Paulo,BR,credito_a_vista,1,JOSUE S SILVA
TX1097,2026-01-28 17:27:22,SUPERMERCADO PAO DE ACUCAR,Supermercado,349.56,Sao Paulo,BR,credito_a_vista,1,JOSUE S SILVA
TX1134,2026-01-28 23:01:59,uber *trip,Transporte,25.60,Sao Paulo,BR,credito_a_vista,1,JOSUE S SILVA
TX1402,2026-01-29 08:53:35,RENNER,Vestuario,321.84,Sao Paulo,BR,credito_a_vista,1,JOSUE S SILVA
TX1132,2026-01-30 17:13:29,LIVRARIA CULTURA,Educacao,115.44,Sao Paulo,BR,credito_a_vista,1,JOSUE S SILVA
TX1096,2026-01-30 22:16:11,SUPERMERCADO PAO DE ACUCAR,Supermercado,294.82,Sao Paulo,BR,credito_a_vista,1,JOSUE S SILVA - ADICIONAL
TX1411,2026-01-31 09:34:25,99APP *99APP,Transporte,"30,68",Sao Paulo,BR,credito_a_vista,1,JOSUE S SILVA
TX1329,2026-01-31T12:49:16,MAGAZINE LUIZA,E-commerce,657.31,Sao Paulo,BR,credito_a_vista,1,JOSUE S SILVA
TX1179,2026-02-01 08:40:38,AMAZON BR,E-commerce,486.61,Sao Paulo,BR,credito_a_vista,1,JOSUE S SILVA
TX1113,2026-02-01 09:08:51,PADARIA BELLA MASSA,Padaria,30.91,Sao Paulo,BR,credito_a_vista,1,JOSUE S SILVA
TX1297,2026-02-01 12:05:48,MERCADOLIVRE*MERCADOPAGO,E-commerce,93.13,Sao Paulo,BR,credito_a_vista,1,JOSUE S SILVA
TX1337,2026-02-02 13:41:04,MERCADO DIA%,Supermercado,"67,75",Sao Paulo,BR,credito_a_vista,1,JOSUE S SILVA
TX1342,2026-02-02 17:39:34,UBER *TRIP,transporte ,14.67,Sao Paulo,BR,credito_a_vista,1,JOSUE S SILVA
TX1338,02/02/2026 22:40,99APP *99APP,Transporte,16.46,Sao Paulo,BR,credito_a_vista,1,JOSUE S SILVA - ADICIONAL
TX1481,2026-02-03 13:52:00,DECOLAR.COM 1/4,Viagem,810.00,Sao Paulo,BR,credito_parcelado,4,JOSUE S SILVA
TX1405,2026-02-03 16:26:29,DROGASIL,Farmacia,91.13,Sao Paulo,BR,credito_a_vista,1,JOSUE S SILVA
TX1260,2026-02-03 20:34:45,RAPPI*RAPPI BRASIL,Delivery,33.81,Sao Paulo,BR,credito_a_vista,1,JOSUE S SILVA
TX1010,2026-02-05 01:32:00,SMARTFIT,Academia,119.90,Sao Paulo,BR,credito_a_vista,1,JOSUE S SILVA
TX1007,2026-02-05 04:27:00,SPOTIFY,Streaming,21.90,Sao Paulo,BR,credito_a_vista,1,JOSUE S SILVA
TX1334,2026-02-05 13:50:31,MC DONALDS,Restaurante,26.18,Sao Paulo,BR,credito_a_vista,1,JOSUE S SILVA
TX1334,2026-02-05 13:50:31,MC DONALDS,Restaurante,26.18,Sao Paulo,BR,credito_a_vista,1,JOSUE S SILVA
TX1214,2026-02-06 20:14:55,MERCADO DIA%,Supermercado,89.25,Sao Paulo,BR,credito_a_vista,1,JOSUE S SILVA
TX1237,2026-02-07 09:08:17,TOK STOK,Casa e Decoracao,303.48,,BR,credito_a_vista,1,JOSUE S SILVA
TX1268,07/02/2026 11:06,INGRESSO.COM,Lazer,56.76,Sao Paulo,BR,credito_a_vista,1,JOSUE S SILVA
TX1298,2026-02-07 21:27:05,MERCADOLIVRE*MERCADOPAGO,E-commerce,427.23,Sao Paulo,BR,credito_a_vista,1,JOSUE S SILVA
TX1011,2026-02-08 04:01:00,ALURA CURSOS,Educacao,R$ 75.00,Sao Paulo,BR,credito_a_vista,1,JOSUE S SILVA
TX1403,2026-02-08 10:20:54,SHOPEE *SHOPEE,E-commerce,111.26,Sao Paulo,BR,credito_a_vista,1,JOSUE S SILVA
TX1190,2026-02-08 15:02:08,DECOLAR.COM,Viagem,1053.44,Sao Paulo,BR,credito_a_vista,1,JOSUE S SILVA
TX1166,08/02/2026 22:17,INGRESSO.COM,Lazer,47.09,Sao Paulo,BR,credito_a_vista,1,JOSUE S SILVA
TX1070,2026-02-09 11:18:13,AMAZON BR,E-commerce,582.32,Sao Paulo,BR,credito_a_vista,1,JOSUE S SILVA
TX1082,09/02/2026 12:18,MAGAZINE LUIZA,E-commerce,252.72,Sao Paulo,BR,credito_a_vista,1,JOSUE S SILVA
TX1436,2026-02-09 12:21:14,UBER *TRIP,Transporte,28.99,Sao Paulo,BR,credito_a_vista,1,JOSUE S SILVA
TX1046,2026-02-09 12:50:43,IFOOD *RESTAURANTE,Delivery,54.55,Sao Paulo,BR,credito_a_vista,1,JOSUE S SILVA
TX1399,2026-02-09 15:47:38,AMAZON BR,E-commerce,246.10,Sao Paulo,BR,credito_a_vista,1,JOSUE S SILVA
TX1242,2026-02-09 18:59:30,posto shell,Combustivel,"112,08",Sao Paulo,BR,credito_a_vista,1,JOSUE S SILVA
TX1222,2026-02-09 22:26:41,C&A MODAS,,R$ 72.77,Sao Paulo,BR,credito_a_vista,1,JOSUE S SILVA
TX1006,2026-02-10 04:05:00,NETFLIX.COM,Streaming,44.90,Sao Paulo,BR,credito_a_vista,1,JOSUE S SILVA
TX1072,2026-02-10 08:32:05,SHOPEE *SHOPEE,E-commerce,172.50,Sao Paulo,BR,credito_a_vista,1,JOSUE S SILVA
TX1333,2026-02-10 09:50:23,UBER *TRIP,Transporte,35.44,Sao Paulo,BR,credito_a_vista,1,JOSUE S SILVA
TX1290,11/02/2026 12:53,IFOOD *RESTAURANTE,Delivery,78.98,Sao Paulo,BR,credito_a_vista,1,JOSUE S SILVA
TX1038,2026-02-11 18:22:13,99APP *99APP,Transporte,36.48,Sao Paulo,BR,credito_a_vista,1,JOSUE S SILVA
TX1295,2026-02-11 21:12:51,DROGARIA SAO PAULO,Farmacia,116.75,Sao Paulo,BR,credito_a_vista,1,JOSUE S SILVA - ADICIONAL
TX1340,2026-02-12 09:20:59,UBER *TRIP,,45.47,Sao Paulo,BR,credito_a_vista,1,JOSUE S SILVA
TX1067,2026-02-12 09:31:30,STARBUCKS BR,,21.41,Sao Paulo,BR,credito_a_vista,1,JOSUE S SILVA
TX1068,2026-02-12 14:00:24,CARREFOUR HIPER,Supermercado,181.99,Sao Paulo,BR,credito_a_vista,1,JOSUE S SILVA
TX1197,12/02/2026 19:19,DROGARIA SAO PAULO,Farmacia,24.63,Sao Paulo,BR,credito_a_vista,1,JOSUE S SILVA
TX1125,2026-02-12 21:29:58,estacionamento estapar,Estacionamento,16.21,Sao Paulo,BR,credito_a_vista,1,JOSUE S SILVA
TX1476,2026-02-13 13:47:00,MAGAZINE LUIZA 2/6,E-commerce,399.98,Sao Paulo,BR,credito_parcelado,6,JOSUE S SILVA
TX1503,2026-02-14 08:32:05,ESTORNO SHOPEE *SHOPEE,E-commerce,-172.50,Sao Paulo,BR,credito_a_vista,1,JOSUE S SILVA
TX1211,2026-02-14 11:08:50,APPLE.COM/BILL,Servicos Digitais,36.87,Sao Paulo,BR,credito_a_vista,1,JOSUE S SILVA - ADICIONAL
TX1386,2026-02-14 14:56:53,SUPERMERCADO PAO DE ACUCAR,Supermercado,R$ 145.04,Sao Paulo,BR,credito_a_vista,1,JOSUE S SILVA - ADICIONAL
TX1008,2026-02-15T00:01:00,AMAZON PRIME,Streaming,19.90,Sao Paulo,BR,credito_a_vista,1,JOSUE S SILVA
TX1090,2026-02-15 20:01:11,ifood *restaurante,Delivery,76.56,Sao Paulo,BR,credito_a_vista,1,JOSUE S SILVA
TX1414,2026-02-18 08:02:51,UBER *TRIP,Transporte,43.01,,BR,credito_a_vista,1,JOSUE S SILVA
TX1316,18/02/2026 12:22,INGRESSO.COM,Lazer,101.37,Sao Paulo,BR,credito_a_vista,1,JOSUE S SILVA - ADICIONAL
TX1430,2026-02-18 12:47:48,MC DONALDS,Restaurante,46.55,Sao Paulo,BR,credito_a_vista,1,JOSUE S SILVA
TX1177,2026-02-18 16:23:39,CARREFOUR HIPER,Supermercado,407.96,Sao Paulo,BR,credito_a_vista,1,JOSUE S SILVA
TX1428,2026-02-18 20:48:37,MERCADO DIA%,Supermercado,93.81,Sao Paulo,BR,credito_a_vista,1,JOSUE S SILVA
TX1151,2026-02-19 13:47:30,RAPPI*RAPPI BRASIL,Delivery,36.59,Sao Paulo,BR,credito_a_vista,1,JOSUE S SILVA
TX1094,2026-02-19 14:21:17,BOOKING.COM,Viagem,805.05,Sao Paulo,BR,credito_a_vista,1,JOSUE S SILVA - ADICIONAL
TX1150,2026-02-19T19:07:47,IFOOD *RESTAURANTE,Delivery,62.51,Sao Paulo,BR,credito_a_vista,1,JOSUE S SILVA
TX1110,2026-02-19T19:44:24,RENNER,Vestuario,R$ 203.37,Sao Paulo,BR,credito_a_vista,1,JOSUE S SILVA
TX1009,2026-02-20 00:13:00,GOOGLE *YOUTUBEPREMIUM,Streaming,28.90,Sao Paulo,BR,credito_a_vista,1,JOSUE S SILVA
TX1100,2026-02-20 13:27:04,LIVRARIA CULTURA,Educacao,144.12,Sao Paulo,BR,credito_a_vista,1,JOSUE S SILVA - ADICIONAL
TX1486,2026-02-21 11:43:00,CASAS BAHIA 2/10,E-commerce,189.90,Sao Paulo,BR,credito_parcelado,10,JOSUE S SILVA
TX1131,21/02/2026 17:01,PADARIA BELLA MASSA,Padaria,16.86,Sao Paulo,BR,credito_a_vista,1,JOSUE S SILVA
TX1178,2026-02-22 12:35:08,CARREFOUR HIPER,SUPERMERCADO,486.73,Sao Paulo,BR,credito_a_vista,1,JOSUE S SILVA
TX1434,2026-02-22 18:20:26,UBER *TRIP,Transporte,12.29,Sao Paulo,BR,credito_a_vista,1,JOSUE S SILVA - ADICIONAL
TX1228,2026-02-23 17:13:52,MAGAZINE LUIZA,E-commerce,793.15,Sao Paulo,BR,credito_a_vista,1,JOSUE S SILVA
TX1161,2026-02-23 18:13:16,HORTIFRUTI NATURAL DA TERRA,SUPERMERCADO,82.83,Sao Paulo,BR,credito_a_vista,1,JOSUE S SILVA
TX1429,2026-02-23 21:58:21,AMAZON BR,E-commerce,206.30,Sao Paulo,BR,credito_a_vista,1,JOSUE S SILVA - ADICIONAL
TX1042,24/02/2026 22:36,CARREFOUR HIPER,Supermercado,"390,24",Sao Paulo,BR,credito_a_vista,1,JOSUE S SILVA
TX1112,2026-02-26 10:51:44,DROGARIA SAO PAULO,Farmacia,102.87,Sao Paulo,BR,credito_a_vista,1,JOSUE S SILVA
TX1124,2026-02-26 12:27:31,AMAZON BR,E-commerce,51.40,Sao Paulo,BR,credito_a_vista,1,JOSUE S SILVA
TX1248,2026-02-27 20:27:54,RENNER,Vestuario,"222,68",Sao Paulo,BR,credito_a_vista,1,JOSUE S SILVA
TX1159,2026-02-27 20:33:24,PETZ,Pet,121.09,Sao Paulo,BR,credito_a_vista,1,JOSUE S SILVA
TX1170,2026-02-28 18:53:55,MERCADO DIA%,Supermercado,79.64,Sao Paulo,BR,credito_a_vista,1,JOSUE S SILVA - ADICIONAL
TX1207,2026-02-28 23:51:22,UBER *TRIP,Transporte,20.95,Sao Paulo,BR,credito_a_vista,1,JOSUE S SILVA
TX1382,2026-03-01 08:06:26,CINEMARK,Lazer,49.82,Sao Paulo,BR,credito_a_vista,1,JOSUE S SILVA
TX1418,2026-03-01 23:20:36,UBER *TRIP,Transporte,39.90,Sao Paulo,BR,credito_a_vista,1,JOSUE S SILVA
TX1060,2026-03-02 12:42:31,MERCADOLIVRE*MERCADOPAGO,E-commerce,116.05,,BR,credito_a_vista,1,JOSUE S SILVA
TX1419,2026-03-02 17:56:09,UBER *TRIP,Transporte,59.28,Sao Paulo,BR,credito_a_vista,1,JOSUE S SILVA
TX1415,2026-03-03 11:04:06,SUPERMERCADO PAO DE ACUCAR,Supermercado,299.76,Sao Paulo,BR,credito_a_vista,1,JOSUE S SILVA
TX1305,2026-03-03 14:40:50,CARREFOUR HIPER,Supermercado,346.49,Sao Paulo,BR,credito_a_vista,1,JOSUE S SILVA
TX1265,04/03/2026 14:37,HORTIFRUTI NATURAL DA TERRA,Supermercado,71.92,Sao Paulo,BR,credito_a_vista,1,JOSUE S SILVA
TX1468,2026-03-04 17:33:10,MAGAZINE LUIZA,E-commerce,R$ 641.96,Sao Paulo,BR,credito_a_vista,1,JOSUE S SILVA
TX1016,2026-03-05 03:37:00,SMARTFIT,Academia,119.90,Sao Paulo,BR,credito_a_vista,1,JOSUE S SILVA
TX1013,2026-03-05 05:41:00,SPOTIFY,Streaming,21.90,Sao Paulo,BR,credito_a_vista,1,JOSUE S SILVA
TX1328,2026-03-05 08:01:47,UBER *TRIP,Transporte,"19,30",Sao Paulo,BR,credito_a_vista,1,JOSUE S SILVA
TX1064,05/03/2026 11:12,HORTIFRUTI NATURAL DA TERRA,,65.89,Sao Paulo,BR,credito_a_vista,1,JOSUE S SILVA
TX1482,2026-03-05 21:25:00,DECOLAR.COM 2/4,Viagem,810.00,Sao Paulo,BR,credito_parcelado,4,JOSUE S SILVA
TX1230,2026-03-06 20:11:07,SHOPEE *SHOPEE,E-commerce,137.30,Sao Paulo,BR,credito_a_vista,1,JOSUE S SILVA
TX1156,2026-03-06 21:30:07,CARREFOUR HIPER,Supermercado,438.17,Sao Paulo,BR,credito_a_vista,1,JOSUE S SILVA
TX1259,2026-03-07 19:20:07,IFOOD *RESTAURANTE,Delivery,25.54,Sao Paulo,BR,credito_a_vista,1,JOSUE S SILVA
TX1017,2026-03-08 02:51:00,ALURA CURSOS,Educacao,75.00,Sao Paulo,BR,credito_a_vista,1,JOSUE S SILVA
TX1491,2026-03-08 21:18:00,TOK STOK 1/3,Casa e Decoracao,"483,33",Sao Paulo,BR,credito_parcelado,3,JOSUE S SILVA
TX1076,2026-03-09 09:08:42,STARBUCKS BR,Cafeteria,34.37,Sao Paulo,BR,credito_a_vista,1,JOSUE S SILVA
TX1083,09/03/2026 16:31,CINEMARK,Lazer,84.32,Sao Paulo,BR,credito_a_vista,1,JOSUE S SILVA
TX1012,2026-03-10T04:12:00,netflix.com,Streaming,44.90,Sao Paulo,BR,credito_a_vista,1,JOSUE S SILVA
TX1395,2026-03-10 13:19:37,DROGASIL,Farmacia,112.59,Sao Paulo,BR,credito_a_vista,1,JOSUE S SILVA
TX1171,2026-03-10 17:02:48,LIVRARIA CULTURA,Educacao,121.97,Sao Paulo,BR,credito_a_vista,1,JOSUE S SILVA
TX1319,2026-03-10 20:05:46,MERCADOLIVRE*MERCADOPAGO,E-commerce,205.41,Sao Paulo,BR,credito_a_vista,1,JOSUE S SILVA
TX1185,10/03/2026 21:00,MERCADOLIVRE*MERCADOPAGO,E-commerce,333.57,Sao Paulo,BR,credito_a_vista,1,JOSUE S SILVA
TX1118,11/03/2026 08:20,starbucks br,Cafeteria,31.20,Sao Paulo,BR,credito_a_vista,1,JOSUE S SILVA
TX1317,2026-03-11 08:51:23,UBER *TRIP,Transporte,31.85,Sao Paulo,BR,credito_a_vista,1,JOSUE S SILVA
TX1377,2026-03-12 12:07:36,MAGAZINE LUIZA,E-commerce,634.83,Sao Paulo,BR,credito_a_vista,1,JOSUE S SILVA
TX1223,2026-03-13 08:44:23,APPLE.COM/BILL,Servicos Digitais,"20,76",Sao Paulo,BR,credito_a_vista,1,JOSUE S SILVA
TX1142,2026-03-13 22:28:15,MERCADO DIA%,Supermercado,96.30,Sao Paulo,BR,credito_a_vista,1,JOSUE S SILVA
TX1341,2026-03-14 21:05:16,MERCADOLIVRE*MERCADOPAGO,E-commerce,108.43,Sao Paulo,BR,credito_a_vista,1,JOSUE S SILVA - ADICIONAL
TX1257,2026-03-14 22:31:33,IFOOD *RESTAURANTE,Delivery,71.70,Sao Paulo,BR,credito_a_vista,1,JOSUE S SILVA
TX1014,2026-03-15 05:34:00,AMAZON PRIME,Streaming,"19,90",Sao Paulo,BR,credito_a_vista,1,JOSUE S SILVA
TX1359,2026-03-15 09:24:32,MAGAZINE LUIZA,E-commerce,449.29,Sao Paulo,BR,credito_a_vista,1,JOSUE S SILVA
TX1376,2026-03-15 12:44:45,UBER *TRIP,Transporte,34.45,Sao Paulo,BR,credito_a_vista,1,JOSUE S SILVA
TX1069,2026-03-15 14:44:46,drogasil,Farmacia,149.38,Sao Paulo,BR,credito_a_vista,1,JOSUE S SILVA
TX1202,2026-03-15 18:34:10,CLINICA ODONTO SORRIA,Saude,R$ 168.47,Sao Paulo,BR,credito_a_vista,1,JOSUE S SILVA - ADICIONAL
TX1330,2026-03-15 19:58:31,TOK STOK,Casa e Decoracao,138.07,Sao Paulo,BR,credito_a_vista,1,JOSUE S SILVA
TX1477,2026-03-15 20:40:00,MAGAZINE LUIZA 3/6,E-commerce,399.98,Sao Paulo,BR,credito_parcelado,6,JOSUE S SILVA
TX1477,2026-03-15 20:40:00,MAGAZINE LUIZA 3/6,E-commerce,399.98,Sao Paulo,BR,credito_parcelado,6,JOSUE S SILVA
TX1163,2026-03-16 08:14:18,AMAZON BR,E-commerce,434.43,Sao Paulo,BR,credito_a_vista,1,JOSUE S SILVA
TX1307,2026-03-16 20:00:39,IFOOD *RESTAURANTE,Delivery,49.70,Sao Paulo,BR,credito_a_vista,1,JOSUE S SILVA
TX1198,2026-03-17 13:23:27,CARREFOUR HIPER,Supermercado,126.96,Sao Paulo,BR,credito_a_vista,1,JOSUE S SILVA
TX1213,2026-03-17 19:55:21,AMAZON BR,E-commerce,489.39,Sao Paulo,BR,credito_a_vista,1,JOSUE S SILVA
TX1462,2026-03-17 20:15:45,PETZ,Pet,53.23,Sao Paulo,BR,credito_a_vista,1,JOSUE S SILVA
TX1456,2026-03-18 10:36:15,MERCADO DIA%,Supermercado,78.84,Sao Paulo,BR,credito_a_vista,1,JOSUE S SILVA
TX1420,2026-03-18 12:03:35,apple.com/bill,Servicos Digitais,57.33,Sao Paulo,BR,credito_a_vista,1,JOSUE S SILVA - ADICIONAL
TX1470,2026-03-18 15:50:04,DROGARIA SAO PAULO,Farmacia,77.78,Sao Paulo,BR,credito_a_vista,1,JOSUE S SILVA - ADICIONAL
TX1424,2026-03-18 17:45:09,starbucks br,Cafeteria,39.17,Sao Paulo,BR,credito_a_vista,1,JOSUE S SILVA - ADICIONAL
TX1203,2026-03-18 18:27:44,C&A MODAS,Vestuario,107.52,Sao Paulo,BR,credito_a_vista,1,JOSUE S SILVA
TX1474,2026-03-18 19:38:44,IFOOD *RESTAURANTE,Delivery,"39,06",Sao Paulo,BR,credito_a_vista,1,JOSUE S SILVA
TX1423,2026-03-18 20:11:48,IFOOD *RESTAURANTE,Delivery,R$ 62.65,Sao Paulo,BR,credito_a_vista,1,JOSUE S SILVA
TX1469,2026-03-19 08:31:09,PADARIA BELLA MASSA,Padaria,"12,85",Sao Paulo,BR,credito_a_vista,1,JOSUE S SILVA
TX1153,2026-03-19T11:45:34,RAPPI*RAPPI BRASIL,Delivery,27.59,Sao Paulo,BR,credito_a_vista,1,JOSUE S SILVA
TX1220,2026-03-19 15:07:06,SUPERMERCADO PAO DE ACUCAR,Supermercado,166.88,Sao Paulo,BR,credito_a_vista,1,JOSUE S SILVA
TX1015,2026-03-20 03:14:00,GOOGLE *YOUTUBEPREMIUM,Streaming,28.90,Sao Paulo,BR,credito_a_vista,1,JOSUE S SILVA
TX1053,2026-03-20 12:03:15,99APP *99APP,Transporte,45.00,Sao Paulo,BR,credito_a_vista,1,JOSUE S SILVA - ADICIONAL
TX1464,2026-03-20 15:23:48,SUPERMERCADO PAO DE ACUCAR,Supermercado,179.81,Sao Paulo,BR,credito_a_vista,1,JOSUE S SILVA
TX1406,2026-03-20 19:01:25,LIVRARIA CULTURA,Educacao,"64,26",Sao Paulo,BR,credito_a_vista,1,JOSUE S SILVA
TX1108,2026-03-21 11:51:12,LIVRARIA CULTURA,Educacao,51.95,Sao Paulo,BR,credito_a_vista,1,JOSUE S SILVA
TX1273,2026-03-21T15:28:02,MERCADO DIA%,Supermercado,30.40,Sao Paulo,BR,credito_a_vista,1,JOSUE S SILVA
TX1284,2026-03-21 16:24:41,MERCADO DIA%,Supermercado,100.21,Sao Paulo,BR,credito_a_vista,1,JOSUE S SILVA
TX1293,2026-03-21 17:50:30,STARBUCKS BR,Cafeteria,42.12,Sao Paulo,BR,credito_a_vista,1,JOSUE S SILVA
TX1315,2026-03-21 22:25:52,UBER *TRIP,Transporte,37.15,Sao Paulo,BR,credito_a_vista,1,JOSUE S SILVA
TX1101,2026-03-22 18:54:07,PETZ,Pet,169.56,Sao Paulo,BR,credito_a_vista,1,JOSUE S SILVA
TX1364,2026-03-23 10:25:39,TOK STOK,Casa e Decoracao,348.33,Sao Paulo,BR,credito_a_vista,1,JOSUE S SILVA
TX1487,2026-03-23 21:35:00,CASAS BAHIA 3/10,E-commerce,189.90,Sao Paulo,BR,credito_parcelado,10,JOSUE S SILVA
TX1271,24/03/2026 21:40,PETZ,Pet,67.17,Sao Paulo,BR,credito_a_vista,1,JOSUE S SILVA
TX1218,2026-03-25 22:39:14,MAGAZINE LUIZA,E-commerce,611.07,Sao Paulo,BR,credito_a_vista,1,JOSUE S SILVA
TX1426,2026-03-26 12:59:28,MC DONALDS,Restaurante,63.12,,BR,credito_a_vista,1,JOSUE S SILVA
TX1149,2026-03-26 13:44:29,SHOPEE *SHOPEE,E-commerce,65.12,Sao Paulo,BR,credito_a_vista,1,JOSUE S SILVA
TX1457,2026-03-26 14:48:47,SHOPEE *SHOPEE,E-commerce,40.89,Sao Paulo,BR,credito_a_vista,1,JOSUE S SILVA - ADICIONAL
TX1174,2026-03-26 20:44:31,IFOOD *RESTAURANTE,Delivery,45.18,Sao Paulo,BR,credito_a_vista,1,JOSUE S SILVA - ADICIONAL
TX1281,2026-03-27 09:21:06,INGRESSO.COM,Lazer,82.43,Sao Paulo,BR,credito_a_vista,1,JOSUE S SILVA
TX1227,2026-03-27T11:08:50,CARREFOUR HIPER,Supermercado,319.71,Sao Paulo,BR,credito_a_vista,1,JOSUE S SILVA
TX1473,2026-03-27 14:52:52,DROGARIA SAO PAULO,Farmacia,157.52,Sao Paulo,BR,credito_a_vista,1,JOSUE S SILVA - ADICIONAL
TX1301,2026-03-27 20:09:08,DECOLAR.COM,Viagem,357.45,Sao Paulo,BR,credito_a_vista,1,JOSUE S SILVA - ADICIONAL
TX1266,2026-03-28 12:21:49,UBER *TRIP,Transporte,18.41,Sao Paulo,BR,credito_a_vista,1,JOSUE S SILVA
TX1128,28/03/2026 18:17,UBER *TRIP,Transporte,57.56,Sao Paulo,BR,credito_a_vista,1,JOSUE S SILVA
TX1049,2026-03-29 09:18:27,INGRESSO.COM,Lazer,48.44,Sao Paulo,BR,credito_a_vista,1,JOSUE S SILVA
TX1253,2026-03-29 10:23:19,DROGASIL,Farmacia,112.42,Sao Paulo,BR,credito_a_vista,1,JOSUE S SILVA
TX1459,2026-03-29 17:49:39,MERCADO DIA%,Supermercado,115.71,Sao Paulo,BR,credito_a_vista,1,JOSUE S SILVA
TX1287,2026-03-29 20:12:14,MC DONALDS,Restaurante,70.00,Sao Paulo,BR,credito_a_vista,1,JOSUE S SILVA
TX1378,2026-03-30 20:51:09,ESTACIONAMENTO ESTAPAR,Estacionamento,21.58,Sao Paulo,BR,credito_a_vista,1,JOSUE S SILVA
TX1379,30/03/2026 22:28,MERCADO DIA%,,49.36,Sao Paulo,BR,credito_a_vista,1,JOSUE S SILVA
TX1093,2026-03-31 12:52:50,DROGASIL,,132.63,Sao Paulo,BR,credito_a_vista,1,JOSUE S SILVA
TX1283,2026-03-31 19:41:44,IFOOD *RESTAURANTE,Delivery,71.35,Sao Paulo,BR,credito_a_vista,1,JOSUE S SILVA
TX1299,2026-03-31 22:01:26,DROGASIL,Farmacia,22.19,Sao Paulo,BR,credito_a_vista,1,JOSUE S SILVA
TX1095,2026-03-31 22:25:43,UBER *TRIP,Transporte,59.06,Sao Paulo,BR,credito_a_vista,1,JOSUE S SILVA
TX1246,2026-04-01 08:36:32,UBER *TRIP,Transporte,20.64,Sao Paulo,BR,credito_a_vista,1,JOSUE S SILVA
TX1447,2026-04-01 08:50:25,PADARIA BELLA MASSA,Padaria,13.56,Sao Paulo,BR,credito_a_vista,1,JOSUE S SILVA - ADICIONAL
TX1261,2026-04-01 09:25:55,LIVRARIA CULTURA,Educacao,R$ 120.33,Sao Paulo,BR,credito_a_vista,1,JOSUE S SILVA
TX1122,2026-04-01 12:48:24,SUPERMERCADO PAO DE ACUCAR,Supermercado,395.78,Sao Paulo,BR,credito_a_vista,1,JOSUE S SILVA - ADICIONAL
TX1466,2026-04-01 16:05:38,MERCADO DIA%,Supermercado,81.81,Sao Paulo,BR,credito_a_vista,1,JOSUE S SILVA
TX1374,2026-04-01 18:49:55,SHOPEE *SHOPEE,E-commerce,148.37,Sao Paulo,BR,credito_a_vista,1,JOSUE S SILVA
TX1144,2026-04-01 19:21:17,mc donalds,Restaurante,64.61,Sao Paulo,BR,credito_a_vista,1,JOSUE S SILVA
TX1231,2026-04-02 20:50:15,SUPERMERCADO PAO DE ACUCAR,SUPERMERCADO,297.88,Sao Paulo,BR,credito_a_vista,1,JOSUE S SILVA
TX1224,2026-04-03 07:43:23,STARBUCKS BR,Cafeteria,31.33,Sao Paulo,BR,credito_a_vista,1,JOSUE S SILVA - ADICIONAL
TX1045,2026-04-03 11:08:32,ESTACIONAMENTO ESTAPAR,Estacionamento,28.29,Sao Paulo,BR,credito_a_vista,1,JOSUE S SILVA
TX1139,2026-04-03 18:57:53,DROGARIA SAO PAULO,Farmacia,"93,56",Sao Paulo,BR,credito_a_vista,1,JOSUE S SILVA
TX1396,2026-04-03 19:15:03,AIRBNB * HMRSTAY,Viagem,884.40,Rio de Janeiro,BR,credito_a_vista,1,JOSUE S SILVA
TX1358,2026-04-04 08:25:03,ESTACIONAMENTO ESTAPAR,Estacionamento,30.82,Sao Paulo,BR,credito_a_vista,1,JOSUE S SILVA
TX1483,2026-04-04 14:07:00,DECOLAR.COM 3/4,Viagem,810.00,Sao Paulo,BR,credito_parcelado,4,JOSUE S SILVA
TX1022,2026-04-05 02:09:00,SMARTFIT,Academia,119.90,Sao Paulo,BR,credito_a_vista,1,JOSUE S SILVA
TX1019,2026-04-05 06:51:00,SPOTIFY,Streaming,21.90,Sao Paulo,BR,credito_a_vista,1,JOSUE S SILVA
TX1079,2026-04-05 08:10:28,PADARIA BELLA MASSA,Padaria,47.52,Sao Paulo,BR,credito_a_vista,1,JOSUE S SILVA
TX1366,2026-04-05 13:43:07,SUPERMERCADO PAO DE ACUCAR,Supermercado,442.56,Sao Paulo,BR,credito_a_vista,1,JOSUE S SILVA
TX1087,05/04/2026 17:35,supermercado pao de acucar,Supermercado,239.02,Sao Paulo,BR,credito_a_vista,1,JOSUE S SILVA
TX1217,2026-04-06 09:43:14,CINEMARK,Lazer,"58,29",Sao Paulo,BR,credito_a_vista,1,JOSUE S SILVA
TX1310,2026-04-06T12:47:01,POSTO SHELL,Combustivel,164.28,Sao Paulo,BR,credito_a_vista,1,JOSUE S SILVA
TX1410,2026-04-07T09:43:42,POSTO SHELL,Combustivel,"257,42",Sao Paulo,BR,credito_a_vista,1,JOSUE S SILVA
TX1492,2026-04-07 20:04:00,TOK STOK 2/3,Casa e Decoracao,483.33,Sao Paulo,BR,credito_parcelado,3,JOSUE S SILVA
TX1023,2026-04-08 01:48:00,ALURA CURSOS,Educacao,75.00,Sao Paulo,BR,credito_a_vista,1,JOSUE S SILVA
TX1040,2026-04-08 12:59:40,DROGASIL,Farmacia,107.90,Sao Paulo,BR,credito_a_vista,1,JOSUE S SILVA
TX1143,2026-04-08 13:01:31,LIVRARIA CULTURA,Educacao,R$ 132.86,Sao Paulo,BR,credito_a_vista,1,JOSUE S SILVA
TX1194,2026-04-08 13:40:45,SHOPEE *SHOPEE,E-commerce,179.18,Sao Paulo,BR,credito_a_vista,1,JOSUE S SILVA
TX1432,08/04/2026 19:34,UBER *TRIP,Transporte,27.96,Sao Paulo,BR,credito_a_vista,1,JOSUE S SILVA
TX1092,2026-04-08 21:02:54,HORTIFRUTI NATURAL DA TERRA,Supermercado,67.66,Sao Paulo,BR,credito_a_vista,1,JOSUE S SILVA
TX1238,2026-04-08 23:33:18,UBER *TRIP,Transporte,32.69,Sao Paulo,BR,credito_a_vista,1,JOSUE S SILVA
TX1300,2026-04-09 07:23:14,STARBUCKS BR,Cafeteria,15.85,Sao Paulo,BR,credito_a_vista,1,JOSUE S SILVA - ADICIONAL
TX1318,2026-04-09 13:11:31,DROGARIA SAO PAULO,Farmacia,130.73,Sao Paulo,BR,credito_a_vista,1,JOSUE S SILVA
TX1119,2026-04-09 16:09:45,STARBUCKS BR,Cafeteria,21.42,Sao Paulo,BR,credito_a_vista,1,JOSUE S SILVA
TX1204,2026-04-09 20:06:15,OUTBACK STEAKHOUSE,,196.27,Sao Paulo,BR,credito_a_vista,1,JOSUE S SILVA
TX1352,2026-04-09 23:26:15,UBER *TRIP,Transporte,58.13,Sao Paulo,BR,credito_a_vista,1,JOSUE S SILVA - ADICIONAL
TX1018,2026-04-10 06:00:00,NETFLIX.COM,Streaming,R$ 44.90,Sao Paulo,BR,credito_a_vista,1,JOSUE S SILVA
TX1126,2026-04-11 17:36:42,SUPERMERCADO PAO DE ACUCAR,Supermercado,90.03,Sao Paulo,BR,credito_a_vista,1,JOSUE S SILVA
TX1472,2026-04-12 13:53:39,SUPERMERCADO PAO DE ACUCAR,Supermercado,220.56,Sao Paulo,BR,credito_a_vista,1,JOSUE S SILVA - ADICIONAL
TX1494,12/04/2026 15:43,CENTAURO 1/3,Vestuario,299.97,Sao Paulo,BR,credito_parcelado,3,JOSUE S SILVA
TX1135,2026-04-12 19:12:04,POSTO SHELL,Combustivel,206.58,Sao Paulo,BR,credito_a_vista,1,JOSUE S SILVA
TX1336,2026-04-12 19:33:26,UBER *TRIP,Transporte,48.46,Sao Paulo,BR,credito_a_vista,1,JOSUE S SILVA
TX1043,2026-04-12 22:58:41,AMAZON BR,E-commerce,294.25,Sao Paulo,BR,credito_a_vista,1,JOSUE S SILVA
TX1350,2026-04-13 09:48:23,99APP *99APP,Transporte,30.11,Sao Paulo,BR,credito_a_vista,1,JOSUE S SILVA
TX1478,2026-04-14 16:36:00,MAGAZINE LUIZA 4/6,E-commerce,399.98,Sao Paulo,BR,credito_parcelado,6,JOSUE S SILVA
TX1397,2026-04-14 21:59:57,IFOOD *RESTAURANTE,Delivery,87.15,Sao Paulo,BR,credito_a_vista,1,JOSUE S SILVA
TX1104,2026-04-14 22:53:00,UBER *TRIP,Transporte,25.19,Sao Paulo,BR,credito_a_vista,1,JOSUE S SILVA
TX1020,2026-04-15 01:44:00,AMAZON PRIME,Streaming,19.90,Sao Paulo,BR,credito_a_vista,1,JOSUE S SILVA
TX1089,2026-04-15 17:47:09,MAGAZINE LUIZA,E-commerce,839.13,Sao Paulo,BR,credito_a_vista,1,JOSUE S SILVA
TX1280,2026-04-15 20:21:43,POSTO SHELL,Combustivel,207.62,Sao Paulo,BR,credito_a_vista,1,JOSUE S SILVA
TX1444,2026-04-16 08:01:33,MAGAZINE LUIZA,E-commerce,R$ 672.20,Sao Paulo,BR,credito_a_vista,1,JOSUE S SILVA
TX1371,2026-04-16 13:26:32,IFOOD *RESTAURANTE,Delivery,"79,25",Sao Paulo,BR,credito_a_vista,1,JOSUE S SILVA - ADICIONAL
TX1425,2026-04-16 14:35:33,MAGAZINE LUIZA,E-commerce,189.96,Sao Paulo,BR,credito_a_vista,1,JOSUE S SILVA
TX1263,2026-04-17 12:07:25,CINEMARK,Lazer,31.25,Sao Paulo,BR,credito_a_vista,1,JOSUE S SILVA
TX1256,17/04/2026 12:13,DROGARIA SAO PAULO,Farmacia,101.98,Sao Paulo,BR,credito_a_vista,1,JOSUE S SILVA
TX1241,2026-04-17 19:06:20,ESTACIONAMENTO ESTAPAR,Estacionamento,26.08,Sao Paulo,BR,credito_a_vista,1,JOSUE S SILVA
TX1103,2026-04-18 20:43:47,OUTBACK STEAKHOUSE,Restaurante,R$ 300.56,Sao Paulo,BR,credito_a_vista,1,JOSUE S SILVA
TX1286,2026-04-19 16:23:01,LIVRARIA CULTURA,Educacao,"76,70",Sao Paulo,BR,credito_a_vista,1,JOSUE S SILVA
TX1245,2026-04-19 21:58:46,UDEMY,Educacao,"31,09",Sao Paulo,BR,credito_a_vista,1,JOSUE S SILVA
TX1245,2026-04-19 21:58:46,UDEMY,,31.09,Sao Paulo,BR,credito_a_vista,1,JOSUE S SILVA
TX1021,2026-04-20 03:21:00,GOOGLE *YOUTUBEPREMIUM,Streaming,28.90,Sao Paulo,BR,credito_a_vista,1,JOSUE S SILVA
TX1502,2026-04-20 08:01:33,ESTORNO MAGAZINE LUIZA,E-commerce,-672.20,Sao Paulo,BR,credito_a_vista,1,JOSUE S SILVA
TX1160,2026-04-20 12:36:39,C&A MODAS,Vestuario,63.85,Sao Paulo,BR,credito_a_vista,1,JOSUE S SILVA - ADICIONAL
TX1115,2026-04-20 21:58:35,MERCADOLIVRE*MERCADOPAGO,E-commerce,214.51,Sao Paulo,BR,credito_a_vista,1,JOSUE S SILVA
TX1243,2026-04-21 09:47:47,MERCADO DIA%,Supermercado,60.40,Sao Paulo,BR,credito_a_vista,1,JOSUE S SILVA
TX1461,2026-04-21 10:43:37,POSTO SHELL,Combustivel,218.92,Sao Paulo,BR,credito_a_vista,1,JOSUE S SILVA
TX1465,2026-04-21 20:35:35,RAPPI*RAPPI BRASIL,Delivery,50.75,Sao Paulo,BR,credito_a_vista,1,JOSUE S SILVA
TX1240,21/04/2026 20:56,MC DONALDS,Restaurante,43.62,Sao Paulo,BR,credito_a_vista,1,JOSUE S SILVA
TX1488,22/04/2026 09:46,CASAS BAHIA 4/10,E-commerce,189.90,Sao Paulo,BR,credito_parcelado,10,JOSUE S SILVA
TX1451,2026-04-22 18:50:21,AMAZON BR,E-commerce,354.71,Sao Paulo,BR,credito_a_vista,1,JOSUE S SILVA - ADICIONAL
TX1141,2026-04-22 21:46:37,CLINICA ODONTO SORRIA,Saude,217.10,Sao Paulo,BR,credito_a_vista,1,JOSUE S SILVA - ADICIONAL
TX1191,2026-04-23 09:33:58,HORTIFRUTI NATURAL DA TERRA,Supermercado,66.55,Sao Paulo,BR,credito_a_vista,1,JOSUE S SILVA
TX1291,2026-04-23 11:26:23,RAPPI*RAPPI BRASIL,Delivery,R$ 60.58,Sao Paulo,BR,credito_a_vista,1,JOSUE S SILVA
TX1294,2026-04-23 15:49:18,RENNER,,285.66,Sao Paulo,BR,credito_a_vista,1,JOSUE S SILVA
TX1057,2026-04-23 22:33:28,POSTO SHELL,Combustivel,121.78,Sao Paulo,BR,credito_a_vista,1,JOSUE S SILVA
TX1172,24/04/2026 22:17,DECOLAR.COM,Viagem,"1795,42",Sao Paulo,BR,credito_a_vista,1,JOSUE S SILVA
TX1233,25/04/2026 20:23,AMAZON BR,E-commerce,370.42,Sao Paulo,BR,credito_a_vista,1,JOSUE S SILVA
TX1321,2026-04-25 23:45:27,UBER *TRIP,Transporte,18.33,Sao Paulo,BR,credito_a_vista,1,JOSUE S SILVA
TX1277,2026-04-26 09:51:57,carrefour hiper,Supermercado,445.19,Sao Paulo,BR,credito_a_vista,1,JOSUE S SILVA - ADICIONAL
TX1331,2026-04-26 10:57:45,MERCADO DIA%,Supermercado,67.29,Sao Paulo,BR,credito_a_vista,1,JOSUE S SILVA
TX1116,2026-04-26 12:48:15,AMAZON BR,E-commerce,509.52,Sao Paulo,BR,credito_a_vista,1,JOSUE S SILVA
TX1363,2026-04-27 10:38:57,MERCADOLIVRE*MERCADOPAGO,E-commerce,244.09,Sao Paulo,BR,credito_a_vista,1,JOSUE S SILVA
TX1221,2026-04-27 13:42:47,POSTO SHELL,Combustivel,225.37,Sao Paulo,BR,credito_a_vista,1,JOSUE S SILVA
TX1216,2026-04-27 19:43:47,IFOOD *RESTAURANTE,Delivery,72.06,Sao Paulo,BR,credito_a_vista,1,JOSUE S SILVA
TX1389,2026-04-27 22:33:31,UBER *TRIP,Transporte,54.46,Sao Paulo,BR,credito_a_vista,1,JOSUE S SILVA
TX1389,2026-04-27 22:33:31,UBER *TRIP,Transporte,54.46,Sao Paulo,BR,credito_a_vista,1,JOSUE S SILVA
TX1235,2026-04-28 07:03:30,UBER *TRIP,Transporte,52.36,Sao Paulo,BR,credito_a_vista,1,JOSUE S SILVA
TX1355,2026-04-28 11:13:37,MERCADOLIVRE*MERCADOPAGO,E-commerce,R$ 174.98,Sao Paulo,BR,credito_a_vista,1,JOSUE S SILVA
TX1264,2026-04-28 21:44:58,PETZ,Pet,105.13,Sao Paulo,BR,credito_a_vista,1,JOSUE S SILVA
TX1127,2026-04-29 12:03:16,IFOOD *RESTAURANTE,Delivery,51.54,Sao Paulo,BR,credito_a_vista,1,JOSUE S SILVA
TX1181,2026-04-29 12:41:53,IFOOD *RESTAURANTE,Delivery,35.78,Sao Paulo,BR,credito_a_vista,1,JOSUE S SILVA - ADICIONAL
TX1065,2026-04-29 12:55:59,UBER *TRIP,Transporte,13.77,,BR,credito_a_vista,1,JOSUE S SILVA
TX1351,2026-04-30 07:17:28,STARBUCKS BR,Cafeteria,"22,44",Sao Paulo,BR,credito_a_vista,1,JOSUE S SILVA
TX1390,2026-04-30 12:12:51,MERCADOLIVRE*MERCADOPAGO,E-commerce,72.87,Sao Paulo,BR,credito_a_vista,1,JOSUE S SILVA
TX1335,2026-04-30 20:35:08,POSTO SHELL,Combustivel,210.15,Sao Paulo,BR,credito_a_vista,1,JOSUE S SILVA
TX1129,2026-05-01 08:47:34,MERCADO DIA%,Supermercado,29.95,Sao Paulo,BR,credito_a_vista,1,JOSUE S SILVA - ADICIONAL
TX1453,2026-05-02 12:02:59,RENNER,Vestuario,81.56,Sao Paulo,BR,credito_a_vista,1,JOSUE S SILVA - ADICIONAL
TX1055,2026-05-02 16:10:16,BOOKING.COM,Viagem,569.37,Sao Paulo,BR,credito_a_vista,1,JOSUE S SILVA
TX1106,2026-05-02 20:57:50,mercadolivre*mercadopago,E-commerce,337.78,Sao Paulo,BR,credito_a_vista,1,JOSUE S SILVA
TX1384,2026-05-03 18:12:48,AMAZON BR,E-commerce,579.61,Sao Paulo,BR,credito_a_vista,1,JOSUE S SILVA
TX1394,2026-05-03 19:59:15,IFOOD *RESTAURANTE,Delivery,25.48,Sao Paulo,BR,credito_a_vista,1,JOSUE S SILVA
TX1347,2026-05-04 12:51:51,UBER *TRIP,Transporte,44.25,Sao Paulo,BR,credito_a_vista,1,JOSUE S SILVA
TX1484,2026-05-04 18:12:00,DECOLAR.COM 4/4,Viagem,810.00,Sao Paulo,BR,credito_parcelado,4,JOSUE S SILVA
TX1025,2026-05-05 00:24:00,SPOTIFY,Streaming,21.90,Sao Paulo,BR,credito_a_vista,1,JOSUE S SILVA
TX1025,2026-05-05 00:24:00,SPOTIFY,Streaming,"21,90",Sao Paulo,BR,credito_a_vista,1,JOSUE S SILVA
TX1028,2026-05-05 04:16:00,SMARTFIT,Academia,119.90,Sao Paulo,BR,credito_a_vista,1,JOSUE S SILVA
TX1117,2026-05-05 18:15:17,MERCADOLIVRE*MERCADOPAGO,E-commerce,211.95,Sao Paulo,BR,credito_a_vista,1,JOSUE S SILVA
TX1054,2026-05-05T21:04:48,MERCADO DIA%,SUPERMERCADO,75.61,Sao Paulo,BR,credito_a_vista,1,JOSUE S SILVA
TX1439,2026-05-06 10:58:56,SHOPEE *SHOPEE,E-commerce,115.30,Sao Paulo,BR,credito_a_vista,1,JOSUE S SILVA
TX1438,2026-05-06 15:10:46,INGRESSO.COM,Lazer,102.57,Sao Paulo,BR,credito_a_vista,1,JOSUE S SILVA
TX1438,2026-05-06 15:10:46,INGRESSO.COM,Lazer,102.57,Sao Paulo,BR,credito_a_vista,1,JOSUE S SILVA
TX1236,2026-05-06 19:58:28,HORTIFRUTI NATURAL DA TERRA,Supermercado,35.88,Sao Paulo,BR,credito_a_vista,1,JOSUE S SILVA
TX1387,07/05/2026 10:59,estacionamento estapar,Estacionamento,43.75,Sao Paulo,BR,credito_a_vista,1,JOSUE S SILVA - ADICIONAL
TX1471,2026-05-07 17:39:12,PETZ,,122.42,Sao Paulo,BR,credito_a_vista,1,JOSUE S SILVA
TX1493,2026-05-07 21:50:00,TOK STOK 3/3,Casa e Decoracao,483.33,Sao Paulo,BR,credito_parcelado,3,JOSUE S SILVA
TX1493,2026-05-07 21:50:00,TOK STOK 3/3,Casa e Decoracao,483.33,Sao Paulo,BR,credito_parcelado,3,JOSUE S SILVA
TX1029,08/05/2026 06:02,ALURA CURSOS,Educacao,R$ 75.00,Sao Paulo,BR,credito_a_vista,1,JOSUE S SILVA
TX1433,2026-05-08 15:06:51,MERCADOLIVRE*MERCADOPAGO,E-commerce,442.06,Sao Paulo,BR,credito_a_vista,1,JOSUE S SILVA
TX1354,2026-05-08 22:19:31,CLINICA ODONTO SORRIA,Saude,155.79,Sao Paulo,BR,credito_a_vista,1,JOSUE S SILVA - ADICIONAL
TX1050,2026-05-09 17:11:32,PADARIA BELLA MASSA,Padaria,51.07,Sao Paulo,BR,credito_a_vista,1,JOSUE S SILVA - ADICIONAL
TX1458,2026-05-09 19:22:03,MERCADO DIA%,Supermercado,"34,28",Sao Paulo,BR,credito_a_vista,1,JOSUE S SILVA
TX1212,2026-05-09 22:17:53,SHOPEE *SHOPEE,E-commerce,45.44,Sao Paulo,BR,credito_a_vista,1,JOSUE S SILVA - ADICIONAL
TX1339,2026-05-09 22:55:03,DROGARIA SAO PAULO,Farmacia,"153,02",Sao Paulo,BR,credito_a_vista,1,JOSUE S SILVA
TX1024,10/05/2026 02:06,NETFLIX.COM,Streaming,44.90,Sao Paulo,BR,credito_a_vista,1,JOSUE S SILVA
TX1309,2026-05-10 16:01:24,MERCADOLIVRE*MERCADOPAGO,E-commerce,396.17,Sao Paulo,BR,credito_a_vista,1,JOSUE S SILVA
TX1278,2026-05-10 18:11:02,MERCADO DIA%,SUPERMERCADO,48.54,Sao Paulo,BR,credito_a_vista,1,JOSUE S SILVA
TX1078,2026-05-10 19:08:59,mc donalds,Restaurante,40.71,,BR,credito_a_vista,1,JOSUE S SILVA
TX1365,2026-05-10T22:34:31,99APP *99APP,Transporte,R$ 38.06,Sao Paulo,BR,credito_a_vista,1,JOSUE S SILVA
TX1098,2026-05-11 09:24:57,TOK STOK,,284.87,Sao Paulo,BR,credito_a_vista,1,JOSUE S SILVA
TX1182,2026-05-11 17:26:53,UBER *TRIP,transporte ,34.12,Sao Paulo,BR,credito_a_vista,1,JOSUE S SILVA
TX1393,2026-05-12 13:05:25,DROGARIA SAO PAULO,Farmacia,127.08,Sao Paulo,BR,credito_a_vista,1,JOSUE S SILVA
TX1495,2026-05-12 16:08:00,centauro 2/3,Vestuario,299.97,,BR,credito_parcelado,3,JOSUE S SILVA
TX1176,2026-05-12 21:00:42,ESTACIONAMENTO ESTAPAR,Estacionamento,40.69,Sao Paulo,BR,credito_a_vista,1,JOSUE S SILVA
TX1107,2026-05-12 23:21:05,UBER *TRIP,Transporte,"50,92",Sao Paulo,BR,credito_a_vista,1,JOSUE S SILVA
TX1075,2026-05-14 13:59:16,RENNER,Vestuario,119.24,Sao Paulo,BR,credito_a_vista,1,JOSUE S SILVA
TX1140,2026-05-14 19:39:51,RAPPI*RAPPI BRASIL,Delivery,75.18,Sao Paulo,BR,credito_a_vista,1,JOSUE S SILVA
TX1479,2026-05-14 21:15:00,MAGAZINE LUIZA 5/6,E-commerce,399.98,Sao Paulo,BR,credito_parcelado,6,JOSUE S SILVA
TX1026,2026-05-15 00:22:00,AMAZON PRIME,Streaming,19.90,Sao Paulo,BR,credito_a_vista,1,JOSUE S SILVA
TX1440,2026-05-15 08:53:54,CARREFOUR HIPER,Supermercado,94.19,Sao Paulo,BR,credito_a_vista,1,JOSUE S SILVA
TX1373,2026-05-15 14:20:11,AMAZON BR,E-commerce,294.71,Sao Paulo,BR,credito_a_vista,1,JOSUE S SILVA
TX1279,2026-05-15 16:39:10,DROGARIA SAO PAULO,Farmacia,"78,22",Sao Paulo,BR,credito_a_vista,1,JOSUE S SILVA - ADICIONAL
TX1497,2026-05-16 13:42:00,UBER *TRIP BUENOS AIRES,Transporte,18.50,Buenos Aires,AR,credito_a_vista,1,JOSUE S SILVA
TX1304,2026-05-16 14:07:49,TOK STOK,Casa e Decoracao,R$ 172.36,Sao Paulo,BR,credito_a_vista,1,JOSUE S SILVA
TX1498,2026-05-16 20:27:00,RESTAURANTE DON JULIO,Restaurante,320.00,Buenos Aires,AR,credito_a_vista,1,JOSUE S SILVA
TX1267,2026-05-16 21:12:57,IFOOD *RESTAURANTE,Delivery,79.34,Sao Paulo,BR,credito_a_vista,1,JOSUE S SILVA
TX1052,2026-05-16 22:00:38,SHOPEE *SHOPEE,E-commerce,74.97,Sao Paulo,BR,credito_a_vista,1,JOSUE S SILVA
TX1452,16/05/2026 22:02,HORTIFRUTI NATURAL DA TERRA,Supermercado,46.91,Sao Paulo,BR,credito_a_vista,1,JOSUE S SILVA - ADICIONAL
TX1413,2026-05-17 14:52:14,DROGARIA SAO PAULO,Farmacia,59.60,Sao Paulo,BR,credito_a_vista,1,JOSUE S SILVA
TX1499,2026-05-18 10:28:00,CAFE TORTONI,Cafeteria,45.80,Buenos Aires,AR,credito_a_vista,1,JOSUE S SILVA
TX1501,2026-05-18 17:32:00,MUSEO MALBA,Lazer,55.00,Buenos Aires,AR,credito_a_vista,1,JOSUE S SILVA
TX1123,2026-05-18 19:47:34,DROGARIA SAO PAULO,Farmacia,147.98,Sao Paulo,BR,credito_a_vista,1,JOSUE S SILVA - ADICIONAL
TX1380,2026-05-18 19:59:35,MC DONALDS,Restaurante,"56,33",Sao Paulo,BR,credito_a_vista,1,JOSUE S SILVA
TX1400,18/05/2026 20:42,AMAZON BR,E-commerce,"158,40",Sao Paulo,BR,credito_a_vista,1,JOSUE S SILVA
TX1417,2026-05-19 08:48:55,STARBUCKS BR,Cafeteria,38.28,Sao Paulo,BR,credito_a_vista,1,JOSUE S SILVA
TX1056,2026-05-19 13:45:19,MC DONALDS,Restaurante,42.95,Sao Paulo,BR,credito_a_vista,1,JOSUE S SILVA
TX1500,2026-05-19 16:37:00,FARMACITY,Farmacia,"62,30",Buenos Aires,AR,credito_a_vista,1,JOSUE S SILVA
TX1120,2026-05-19 19:26:03,UBER *TRIP,Transporte,20.34,Sao Paulo,BR,credito_a_vista,1,JOSUE S SILVA
TX1027,2026-05-20 06:22:00,GOOGLE *YOUTUBEPREMIUM,Streaming,28.90,Sao Paulo,BR,credito_a_vista,1,JOSUE S SILVA
TX1320,2026-05-20 19:20:06,RAPPI*RAPPI BRASIL,,24.80,Sao Paulo,BR,credito_a_vista,1,JOSUE S SILVA
TX1437,2026-05-21 18:43:21,AMAZON BR,E-commerce,180.39,Sao Paulo,BR,credito_a_vista,1,JOSUE S SILVA
TX1180,2026-05-22 07:35:26,UBER *TRIP,Transporte,14.66,Sao Paulo,BR,credito_a_vista,1,JOSUE S SILVA - ADICIONAL
TX1183,2026-05-22 10:24:12,DROGASIL,Farmacia,139.45,Sao Paulo,BR,credito_a_vista,1,JOSUE S SILVA
TX1162,2026-05-22 12:10:00,RAPPI*RAPPI BRASIL,Delivery,44.51,Sao Paulo,BR,credito_a_vista,1,JOSUE S SILVA
TX1154,22/05/2026 12:44,CARREFOUR HIPER,Supermercado,353.42,Sao Paulo,BR,credito_a_vista,1,JOSUE S SILVA
TX1450,2026-05-22T15:03:40,POSTO SHELL,Combustivel,101.70,Sao Paulo,BR,credito_a_vista,1,JOSUE S SILVA
TX1489,2026-05-22T16:45:00,CASAS BAHIA 5/10,E-commerce,"189,90",Sao Paulo,BR,credito_parcelado,10,JOSUE S SILVA
TX1187,2026-05-22T22:24:29,UBER *TRIP,Transporte,56.64,Sao Paulo,BR,credito_a_vista,1,JOSUE S SILVA - ADICIONAL
TX1145,23/05/2026 07:33,UBER *TRIP,Transporte,14.28,Sao Paulo,BR,credito_a_vista,1,JOSUE S SILVA
TX1215,2026-05-23 13:05:50,ESTACIONAMENTO ESTAPAR,Estacionamento,25.02,Sao Paulo,BR,credito_a_vista,1,JOSUE S SILVA
TX1361,2026-05-23T18:48:09,99APP *99APP,Transporte,17.16,Sao Paulo,BR,credito_a_vista,1,JOSUE S SILVA
TX1146,2026-05-23 20:15:44,AMAZON BR,E-commerce,303.99,Sao Paulo,BR,credito_a_vista,1,JOSUE S SILVA
TX1044,2026-05-24 10:16:47,PADARIA BELLA MASSA,Padaria,36.31,Sao Paulo,BR,credito_a_vista,1,JOSUE S SILVA - ADICIONAL
TX1504,2026-05-24 20:42:52,ESTORNO AMAZON BR,E-commerce,-158.40,Sao Paulo,BR,credito_a_vista,1,JOSUE S SILVA
TX1344,2026-05-25 07:52:55,99APP *99APP,Transporte,10.16,Sao Paulo,BR,credito_a_vista,1,JOSUE S SILVA
TX1137,2026-05-25 11:22:34,IFOOD *RESTAURANTE,Delivery,54.99,Sao Paulo,BR,credito_a_vista,1,JOSUE S SILVA
TX1448,2026-05-25 11:44:14,DROGASIL,,55.50,Sao Paulo,BR,credito_a_vista,1,JOSUE S SILVA
TX1454,2026-05-25 18:02:11,SHOPEE *SHOPEE,E-commerce,186.82,Sao Paulo,BR,credito_a_vista,1,JOSUE S SILVA
TX1392,2026-05-26 12:11:39,UBER *TRIP,Transporte,52.81,Sao Paulo,BR,credito_a_vista,1,JOSUE S SILVA - ADICIONAL
TX1188,2026-05-27T09:14:54,STARBUCKS BR,Cafeteria,"38,27",Sao Paulo,BR,credito_a_vista,1,JOSUE S SILVA
TX1370,2026-05-27 19:07:12,SUPERMERCADO PAO DE ACUCAR,Supermercado,87.01,Sao Paulo,BR,credito_a_vista,1,JOSUE S SILVA
TX1368,2026-05-28 11:46:03,C&A MODAS,Vestuario,184.21,Sao Paulo,BR,credito_a_vista,1,JOSUE S SILVA
TX1345,2026-05-28 12:41:13,INGRESSO.COM,Lazer,100.19,Sao Paulo,BR,credito_a_vista,1,JOSUE S SILVA
TX1036,28/05/2026 12:45,99APP *99APP,Transporte,10.88,Sao Paulo,BR,credito_a_vista,1,JOSUE S SILVA
TX1061,2026-05-28 15:15:50,RENNER,Vestuario,197.16,Sao Paulo,BR,credito_a_vista,1,JOSUE S SILVA
TX1353,2026-05-28 18:12:48,UBER *TRIP,,17.97,Sao Paulo,BR,credito_a_vista,1,JOSUE S SILVA - ADICIONAL
TX1157,2026-05-28 18:43:03,MERCADO DIA%,Supermercado,"39,41",Sao Paulo,BR,credito_a_vista,1,JOSUE S SILVA
TX1074,2026-05-29 10:02:39,PADARIA BELLA MASSA,Padaria,13.69,Sao Paulo,BR,credito_a_vista,1,JOSUE S SILVA
TX1343,2026-05-29 10:10:42,CENTAURO,Vestuario,283.59,Sao Paulo,BR,credito_a_vista,1,JOSUE S SILVA - ADICIONAL
TX1407,2026-05-29 12:02:27,MC DONALDS,Restaurante,40.50,Sao Paulo,BR,credito_a_vista,1,JOSUE S SILVA
TX1148,2026-05-29T13:30:35,udemy,Educacao,60.82,Sao Paulo,BR,credito_a_vista,1,JOSUE S SILVA
TX1210,2026-05-29 13:46:08,SUPERMERCADO PAO DE ACUCAR,Supermercado,113.35,Sao Paulo,BR,credito_a_vista,1,JOSUE S SILVA
TX1270,29/05/2026 15:43,RENNER,Vestuario,315.79,Sao Paulo,BR,credito_a_vista,1,JOSUE S SILVA
TX1275,2026-05-29 16:50:47,DROGASIL,Farmacia,135.94,Sao Paulo,BR,credito_a_vista,1,JOSUE S SILVA
TX1404,2026-05-30T20:05:57,MC DONALDS,Restaurante,47.97,Sao Paulo,BR,credito_a_vista,1,JOSUE S SILVA
TX1381,2026-05-31 11:15:03,PETZ,Pet,160.57,Sao Paulo,BR,credito_a_vista,1,JOSUE S SILVA
TX1455,2026-05-31 12:48:52,MC DONALDS,Restaurante,57.07,Sao Paulo,BR,credito_a_vista,1,JOSUE S SILVA
TX1244,2026-05-31 16:35:21,CARREFOUR HIPER,Supermercado,368.21,Sao Paulo,BR,credito_a_vista,1,JOSUE S SILVA
TX1254,2026-06-02 09:56:03,RENNER,Vestuario,105.12,Sao Paulo,BR,credito_a_vista,1,JOSUE S SILVA
TX1229,2026-06-02 11:17:54,IFOOD *RESTAURANTE,Delivery,93.88,Sao Paulo,BR,credito_a_vista,1,JOSUE S SILVA - ADICIONAL
TX1152,2026-06-02 12:06:53,MERCADOLIVRE*MERCADOPAGO,E-commerce,107.50,Sao Paulo,BR,credito_a_vista,1,JOSUE S SILVA
TX1114,2026-06-02 13:48:57,MAGAZINE LUIZA,E-commerce,442.91,,BR,credito_a_vista,1,JOSUE S SILVA
TX1047,2026-06-02 15:33:16,POSTO SHELL,Combustivel,274.79,Sao Paulo,BR,credito_a_vista,1,JOSUE S SILVA - ADICIONAL
TX1306,2026-06-02 16:01:40,AMAZON BR,E-commerce,326.19,Sao Paulo,BR,credito_a_vista,1,JOSUE S SILVA
TX1356,2026-06-02 22:53:41,AMAZON BR,E-commerce,414.97,Sao Paulo,BR,credito_a_vista,1,JOSUE S SILVA
TX1167,2026-06-02 23:58:18,UBER *TRIP,Transporte,31.96,Sao Paulo,BR,credito_a_vista,1,JOSUE S SILVA
TX1258,2026-06-03 08:00:13,ESTACIONAMENTO ESTAPAR,Estacionamento,21.95,Sao Paulo,BR,credito_a_vista,1,JOSUE S SILVA
TX1031,2026-06-05 04:07:00,SPOTIFY,Streaming,21.90,Sao Paulo,BR,credito_a_vista,1,JOSUE S SILVA
TX1034,2026-06-05 06:40:00,SMARTFIT,Academia,119.90,Sao Paulo,BR,credito_a_vista,1,JOSUE S SILVA
TX1349,05/06/2026 09:20,99APP *99APP,Transporte,38.45,Sao Paulo,BR,credito_a_vista,1,JOSUE S SILVA
TX1105,2026-06-05 18:20:29,C&A MODAS,Vestuario,151.61,Sao Paulo,BR,credito_a_vista,1,JOSUE S SILVA
TX1133,2026-06-05 22:47:45,RAPPI*RAPPI BRASIL,Delivery,26.87,Sao Paulo,BR,credito_a_vista,1,JOSUE S SILVA
TX1375,2026-06-06 09:12:15,padaria bella massa,Padaria,22.56,Sao Paulo,BR,credito_a_vista,1,JOSUE S SILVA
TX1292,2026-06-06 12:48:47,DROGARIA SAO PAULO,Farmacia,R$ 145.41,Sao Paulo,BR,credito_a_vista,1,JOSUE S SILVA
TX1109,2026-06-06 21:49:04,AMAZON BR,E-commerce,292.31,Sao Paulo,BR,credito_a_vista,1,JOSUE S SILVA - ADICIONAL
TX1234,2026-06-07 11:46:50,MC DONALDS,Restaurante,65.89,Sao Paulo,BR,credito_a_vista,1,JOSUE S SILVA
TX1249,07/06/2026 18:41,PETZ,,44.73,Sao Paulo,BR,credito_a_vista,1,JOSUE S SILVA - ADICIONAL
TX1443,2026-06-07 22:30:42,UDEMY,Educacao,58.15,Sao Paulo,BR,credito_a_vista,1,JOSUE S SILVA
TX1035,2026-06-08 04:56:00,alura cursos,Educacao,75.00,Sao Paulo,BR,credito_a_vista,1,JOSUE S SILVA
TX1200,2026-06-08 18:15:31,POSTO SHELL,Combustivel,264.31,Sao Paulo,BR,credito_a_vista,1,JOSUE S SILVA
TX1369,2026-06-08 20:53:24,CINEMARK,Lazer,"38,87",Sao Paulo,BR,credito_a_vista,1,JOSUE S SILVA
TX1030,2026-06-10 05:29:00,NETFLIX.COM,Streaming,44.90,Sao Paulo,BR,credito_a_vista,1,JOSUE S SILVA
TX1421,2026-06-10 20:35:31,RAPPI*RAPPI BRASIL,Delivery,"22,81",Sao Paulo,BR,credito_a_vista,1,JOSUE S SILVA
TX1272,2026-06-11 12:50:17,DROGARIA SAO PAULO,Farmacia,114.63,Sao Paulo,BR,credito_a_vista,1,JOSUE S SILVA
TX1496,2026-06-11T19:19:00,centauro 3/3,Vestuario,299.97,Sao Paulo,BR,credito_parcelado,3,JOSUE S SILVA
TX1463,2026-06-12 10:47:24,POSTO SHELL,Combustivel,157.00,Sao Paulo,BR,credito_a_vista,1,JOSUE S SILVA
TX1252,12/06/2026 11:05,IFOOD *RESTAURANTE,Delivery,62.13,Sao Paulo,BR,credito_a_vista,1,JOSUE S SILVA
TX1084,2026-06-12 14:53:17,MERCADO DIA%,Supermercado,29.19,Sao Paulo,BR,credito_a_vista,1,JOSUE S SILVA
TX1323,2026-06-13 07:04:42,UBER *TRIP,Transporte,41.88,Sao Paulo,BR,credito_a_vista,1,JOSUE S SILVA
TX1201,13/06/2026 12:29,DROGASIL,Farmacia,"105,02",Sao Paulo,BR,credito_a_vista,1,JOSUE S SILVA - ADICIONAL
TX1480,2026-06-13 14:24:00,MAGAZINE LUIZA 6/6,E-commerce,399.98,Sao Paulo,BR,credito_parcelado,6,JOSUE S SILVA
TX1085,2026-06-13 19:10:47,IFOOD *RESTAURANTE,Delivery,55.93,Sao Paulo,BR,credito_a_vista,1,JOSUE S SILVA
TX1398,13/06/2026 19:23,IFOOD *RESTAURANTE,,"40,46",Sao Paulo,BR,credito_a_vista,1,JOSUE S SILVA - ADICIONAL
TX1051,2026-06-13 22:38:12,UBER *TRIP,Transporte,17.64,Sao Paulo,BR,credito_a_vista,1,JOSUE S SILVA
TX1296,2026-06-14 15:55:23,CARREFOUR HIPER,SUPERMERCADO,315.09,Sao Paulo,BR,credito_a_vista,1,JOSUE S SILVA
TX1409,2026-06-14 20:23:57,IFOOD *RESTAURANTE,Delivery,51.77,Sao Paulo,BR,credito_a_vista,1,JOSUE S SILVA - ADICIONAL
TX1032,2026-06-15 03:05:00,AMAZON PRIME,Streaming,19.90,Sao Paulo,BR,credito_a_vista,1,JOSUE S SILVA
TX1391,2026-06-15 12:45:11,DROGASIL,Farmacia,16.90,Sao Paulo,BR,credito_a_vista,1,JOSUE S SILVA
TX1138,2026-06-15 13:00:54,MERCADOLIVRE*MERCADOPAGO,E-commerce,"203,52",Sao Paulo,BR,credito_a_vista,1,JOSUE S SILVA
TX1274,2026-06-15 21:54:05,mercado dia%,Supermercado,83.43,Sao Paulo,BR,credito_a_vista,1,JOSUE S SILVA
TX1130,2026-06-16 07:49:41,STARBUCKS BR,Cafeteria,R$ 16.21,Sao Paulo,BR,credito_a_vista,1,JOSUE S SILVA
TX1276,2026-06-16 11:20:38,RENNER,Vestuario,197.93,Sao Paulo,BR,credito_a_vista,1,JOSUE S SILVA
TX1192,17/06/2026 10:04,APPLE.COM/BILL,Servicos Digitais,48.98,,BR,credito_a_vista,1,JOSUE S SILVA
TX1269,2026-06-17 12:11:49,IFOOD *RESTAURANTE,Delivery,68.96,Sao Paulo,BR,credito_a_vista,1,JOSUE S SILVA
TX1080,2026-06-17 16:00:42,TOK STOK,Casa e Decoracao,378.67,Sao Paulo,BR,credito_a_vista,1,JOSUE S SILVA
TX1449,2026-06-17 21:41:48,MERCADO DIA%,Supermercado,28.01,Sao Paulo,BR,credito_a_vista,1,JOSUE S SILVA
TX1282,18/06/2026 10:55,PADARIA BELLA MASSA,Padaria,25.00,Sao Paulo,BR,credito_a_vista,1,JOSUE S SILVA
TX1186,18/06/2026 15:55,C&A MODAS,Vestuario,152.71,Sao Paulo,BR,credito_a_vista,1,JOSUE S SILVA
TX1311,2026-06-18 16:06:49,STARBUCKS BR,Cafeteria,"32,46",Sao Paulo,BR,credito_a_vista,1,JOSUE S SILVA
TX1289,2026-06-19 13:56:49,supermercado pao de acucar,SUPERMERCADO,308.67,Sao Paulo,BR,credito_a_vista,1,JOSUE S SILVA
TX1165,2026-06-19 20:59:12,C&A MODAS,,147.78,Sao Paulo,BR,credito_a_vista,1,JOSUE S SILVA
TX1033,20/06/2026 04:18,GOOGLE *YOUTUBEPREMIUM,Streaming,28.90,Sao Paulo,BR,credito_a_vista,1,JOSUE S SILVA
TX1308,2026-06-20 12:33:23,RAPPI*RAPPI BRASIL,Delivery,24.06,Sao Paulo,BR,credito_a_vista,1,JOSUE S SILVA
TX1102,2026-06-20 18:20:25,UBER *TRIP,Transporte,"44,86",Sao Paulo,BR,credito_a_vista,1,JOSUE S SILVA
TX1332,20/06/2026 18:45,UBER *TRIP,Transporte,37.50,Sao Paulo,BR,credito_a_vista,1,JOSUE S SILVA
TX1490,2026-06-21 12:28:00,CASAS BAHIA 6/10,E-commerce,189.90,Sao Paulo,BR,credito_parcelado,10,JOSUE S SILVA
TX1422,2026-06-21 14:50:33,INGRESSO.COM,Lazer,62.09,Sao Paulo,BR,credito_a_vista,1,JOSUE S SILVA
TX1091,2026-06-21 21:47:51,APPLE.COM/BILL,Servicos Digitais,22.31,Sao Paulo,BR,credito_a_vista,1,JOSUE S SILVA
TX1255,2026-06-22 09:17:28,CARREFOUR HIPER,Supermercado,364.49,Sao Paulo,BR,credito_a_vista,1,JOSUE S SILVA
TX1063,2026-06-22 18:41:06,CARREFOUR HIPER,SUPERMERCADO,"87,88",Sao Paulo,BR,credito_a_vista,1,JOSUE S SILVA
TX1073,2026-06-22 21:15:25,CARREFOUR HIPER,SUPERMERCADO,115.15,Sao Paulo,BR,credito_a_vista,1,JOSUE S SILVA - ADICIONAL
TX1208,23/06/2026 17:46,PADARIA BELLA MASSA,Padaria,39.66,Sao Paulo,BR,credito_a_vista,1,JOSUE S SILVA
TX1360,2026-06-24 17:07:08,PETZ,Pet,215.51,Sao Paulo,BR,credito_a_vista,1,JOSUE S SILVA
TX1048,2026-06-24 19:07:43,supermercado pao de acucar,Supermercado,407.37,Sao Paulo,BR,credito_a_vista,1,JOSUE S SILVA
TX1199,2026-06-24 20:11:10,RENNER,Vestuario,110.77,Sao Paulo,BR,credito_a_vista,1,JOSUE S SILVA
TX1206,2026-06-25 20:47:03,RENNER,Vestuario,324.08,Sao Paulo,BR,credito_a_vista,1,JOSUE S SILVA
TX1348,2026-06-26 08:10:28,MERCADO DIA%,Supermercado,64.48,Sao Paulo,BR,credito_a_vista,1,JOSUE S SILVA
TX1111,2026-06-26 08:57:48,AIRBNB * HMRSTAY,Viagem,1067.42,Rio de Janeiro,BR,credito_a_vista,1,JOSUE S SILVA - ADICIONAL
TX1193,2026-06-27 14:41:05,PETZ,Pet,193.32,Sao Paulo,BR,credito_a_vista,1,JOSUE S SILVA - ADICIONAL
TX1121,2026-06-28 08:54:56,C&A MODAS,Vestuario,226.09,Sao Paulo,BR,credito_a_vista,1,JOSUE S SILVA
TX1313,2026-06-28 15:40:11,DROGASIL,,R$ 124.55,,BR,credito_a_vista,1,JOSUE S SILVA
TX1302,2026-06-28 21:08:48,AMAZON BR,E-commerce,433.63,Sao Paulo,BR,credito_a_vista,1,JOSUE S SILVA
TX1239,2026-06-29 09:54:41,HORTIFRUTI NATURAL DA TERRA,Supermercado,82.07,Sao Paulo,BR,credito_a_vista,1,JOSUE S SILVA
TX1219,2026-06-29 12:41:26,DROGASIL,Farmacia,30.75,Sao Paulo,BR,credito_a_vista,1,JOSUE S SILVA
TX1205,2026-06-29 17:01:53,UBER *TRIP,Transporte,R$ 42.91,Sao Paulo,BR,credito_a_vista,1,JOSUE S SILVA
TX1168,2026-06-29 18:17:32,UBER *TRIP,Transporte,"37,00",Sao Paulo,BR,credito_a_vista,1,JOSUE S SILVA
TX1285,2026-06-29 21:47:43,LIVRARIA CULTURA,Educacao,139.93,Sao Paulo,BR,credito_a_vista,1,JOSUE S SILVA
TX1372,2026-06-30 10:33:13,CARREFOUR HIPER,Supermercado,318.01,Sao Paulo,BR,credito_a_vista,1,JOSUE S SILVA - ADICIONAL
TX1431,2026-06-30 11:25:58,LEROY MERLIN,Casa e Construcao,153.90,Sao Paulo,BR,credito_a_vista,1,JOSUE S SILVA
TX1416,2026-06-30 21:03:15,LIVRARIA CULTURA,Educacao,120.16,Sao Paulo,BR,credito_a_vista,1,JOSUE S SILVA
TX1189,2026-06-30 22:51:24,AMAZON BR,E-commerce,253.13,Sao Paulo,BR,credito_a_vista,1,JOSUE S SILVA
